{
    "coverImageFilename": "cover.png",
    "icon": "cover.png",
    "components": [
        {
            "type": "FileCopyMod",
            "sourceFileName": "Smol Bloq.qbloq",
            "targetRootedPathAndFileName": "/sdcard/Qosmetics/notes/testBloq.qbloq"
        }
    ],
    "version": "1.0.0",
    "links": {
        "pageLink": ""
    },
    "description": [
        "tiny acc bloqs"
    ],
    "gameVersion": "1.11.1",
    "platform": "Quest",
    "id": "SmolBloqscientistspinnnV1.0.0",
    "name": "Smol Bloq",
    "author": "scientistspinnn",
    "category": "Bloq"
}